Chrom,Position,RSID,Reference,Alternate,Consequence,Protein Consequence,Transcript Consequence,Filter,Annotation,Flags,Allele Count,Allele Number,Number of Homozygotes,Allele Frequency,Allele Count African,Allele Number African,Homozygote Count African,Allele Count East Asian,Allele Number East Asian,Homozygote Count East Asian,Allele Count European (Non-Finnish),Allele Number European (Non-Finnish),Homozygote Count European (Non-Finnish),Allele Count Finnish,Allele Number Finnish,Homozygote Count Finnish,Allele Count Latino,Allele Number Latino,Homozygote Count Latino,Allele Count Other,Allele Number Other,Homozygote Count Other,Allele Count South Asian,Allele Number South Asian,Homozygote Count South Asian
10,88817578,.,GA,G,,,c.1403-40delT,PASS,intron,,27439,67532,165,0.4063,2500,5826,20,2137,4668,41,14406,35464,52,2013,4528,17,2407,5650,30,225,522,2,3751,10874,3
10,88820789,rs9421572,T,C,p.Leu314Leu,p.Leu314Leu,c.942A>G,PASS,synonymous,,14816,121384,1985,0.1221,195,10380,2,5093,8652,1519,6476,66740,296,992,6614,72,781,11578,31,93,908,7,1186,16512,58
10,88817578,.,GAA,G,,,c.1403-41_1403-40delTT,PASS,intron,,5960,67532,3,0.08825,845,5826,3,896,4668,0,2719,35464,0,356,4528,0,631,5650,0,27,522,0,486,10874,0
10,88817578,.,G,GA,,,c.1403-40dupT,PASS,intron,,3929,67532,0,0.05818,169,5826,0,89,4668,0,1918,35464,0,148,4528,0,188,5650,0,27,522,0,1390,10874,0
10,88820592,rs17096421,A,T,,,c.1060-10T>A,PASS,intron,,3632,121380,76,0.02992,113,10378,1,0,8654,0,2991,66736,72,249,6614,2,74,11578,1,20,908,0,185,16512,0
10,88818884,rs142635640,C,T,,,c.1402+23G>A,PASS,intron,,1154,121408,19,0.009505,32,10406,0,0,8654,0,950,66738,15,46,6614,0,29,11578,0,8,908,0,89,16510,4
10,88817578,.,GAAA,G,,,c.1403-42_1403-40delTTT,PASS,intron,,602,67532,0,0.008914,89,5826,0,102,4668,0,266,35464,0,27,4528,0,77,5650,0,4,522,0,37,10874,0
10,88854185,rs142544510,A,G,p.His114His,p.His114His,c.342T>C,PASS,synonymous,,491,120086,12,0.004089,463,10238,12,0,8608,0,5,65746,0,0,6592,0,21,11502,0,0,892,0,2,16508,0
10,88817578,.,G,GAA,,,c.1403-41_1403-40dupTT,PASS,intron,,260,67532,0,0.00385,13,5826,0,6,4668,0,129,35464,0,10,4528,0,11,5650,0,6,522,0,85,10874,0
10,88854423,.,C,T,p.Gly35Glu,p.Gly35Glu,c.104G>A,PASS,missense,,211,56862,3,0.003711,0,3628,0,0,4428,0,1,28558,0,0,3400,0,2,4674,0,0,478,0,208,11696,3
10,88818885,rs146034815,G,T,,,c.1402+22C>A,PASS,intron,,331,121410,7,0.002726,311,10406,7,0,8654,0,4,66740,0,0,6614,0,13,11578,0,1,908,0,2,16510,0
10,88820617,rs143339923,A,G,,,c.1060-35T>C,PASS,intron,,330,121282,7,0.002721,310,10288,7,0,8654,0,4,66728,0,0,6614,0,13,11578,0,1,908,0,2,16512,0
10,88817472,rs141844887,C,T,p.Thr490Thr,p.Thr490Thr,c.1470G>A,PASS,synonymous,,322,121376,6,0.002653,302,10400,6,0,8654,0,4,66720,0,1,6614,0,12,11574,0,1,908,0,2,16506,0
10,88834324,.,T,C,p.Ala210Ala,p.Ala210Ala,c.630A>G,PASS,synonymous,,242,121324,3,0.001995,0,10394,0,0,8654,0,2,66666,0,0,6614,0,2,11578,0,0,908,0,238,16510,3
10,88821016,rs145369675,C,T,,,c.922-207G>A,PASS,intron,,30,15306,0,0.00196,29,824,0,0,356,0,0,5282,0,0,118,0,0,418,0,0,172,0,1,8136,0
10,88834290,.,CTA,C,,,c.646+16_646+17delTA,PASS,intron,,216,121354,1,0.00178,200,10386,1,0,8648,0,3,66710,0,0,6614,0,10,11578,0,3,908,0,0,16510,0
10,88817569,.,T,C,,,c.1403-30A>G,PASS,intron,,157,115034,2,0.001365,0,9580,0,0,7842,0,59,63388,1,98,6508,1,0,10860,0,0,870,0,0,15986,0
10,88835701,.,A,T,,,c.582+24T>A,PASS,intron,,100,120902,0,0.0008271,0,10320,0,0,8570,0,11,66474,0,0,6606,0,0,11534,0,0,908,0,89,16490,0
10,88820029,rs182913619,C,A,,,n.109G>T,PASS,non coding transcript exon,,99,121388,0,0.0008156,4,10396,0,0,8654,0,85,66728,0,1,6614,0,5,11578,0,1,908,0,3,16510,0
10,88817543,.,C,CA,c.1403-5dupT,,c.1403-5dupT,PASS,splice region,,94,120996,0,0.0007769,90,10332,0,0,8624,0,1,66510,0,0,6606,0,2,11544,0,1,906,0,0,16474,0
10,88821001,.,G,A,,,c.922-192C>T,PASS,intron,,11,17580,0,0.0006257,1,1036,0,0,446,0,6,6576,0,0,352,0,0,540,0,0,196,0,4,8434,0
10,88817578,.,GAAAA,G,,,c.1403-43_1403-40delTTTT,PASS,intron,,38,67532,0,0.0005627,1,5826,0,5,4668,0,19,35464,0,0,4528,0,8,5650,0,1,522,0,4,10874,0
10,88834419,.,C,T,,,c.583-48G>A,PASS,intron,,63,117948,0,0.0005341,1,9664,0,34,8206,0,3,64670,0,0,6580,0,25,11480,0,0,894,0,0,16454,0
10,88822425,rs113997422,T,G,p.Thr303Thr,p.Thr303Thr,c.909A>C,PASS,synonymous,,61,114930,0,0.0005308,59,9658,0,0,8438,0,0,62820,0,0,6472,0,2,10990,0,0,856,0,0,15696,0
10,88827919,.,G,C,c.647-5C>G,,c.647-5C>G,PASS,splice region,,54,117582,0,0.0004593,52,10012,0,0,8434,0,0,64848,0,0,6414,0,1,11046,0,1,894,0,0,15934,0
10,88853704,.,A,C,"p.Val11Glyâ€?,p.Val11Gly""",c.32T>G,,PASS,missense,,4,10772,0,0.0003713,0,190,0,0,134,0,1,2732,0,0,0,0,0,92,0,0,118,0,3,7506,0
10,88820603,.,C,A,,,c.1060-21G>T,PASS,intron,,35,121358,0,0.0002884,0,10360,0,0,8654,0,33,66732,0,1,6614,0,1,11578,0,0,908,0,0,16512,0
10,88820007,.,G,C,,,n.131C>G,PASS,non coding transcript exon,,29,121408,0,0.0002389,0,10402,0,22,8654,0,3,66740,0,0,6614,0,1,11578,0,0,908,0,3,16512,0
10,88835681,.,AAAC,A,,,c.582+41_582+43delGTT,PASS,intron,,25,120510,0,0.0002075,0,10304,0,6,8472,0,19,66252,0,0,6600,0,0,11504,0,0,906,0,0,16472,0
10,88835804,.,C,T,,,c.527-24G>A,PASS,intron,,24,119958,0,0.0002001,20,10060,0,0,8432,0,2,66008,0,0,6592,0,2,11496,0,0,900,0,0,16470,0
10,88853761,.,C,T,,,c.-481G>A,PASS,5' UTR,,2,10766,0,0.0001858,0,188,0,0,132,0,0,2730,0,0,0,0,0,92,0,0,118,0,2,7506,0
10,88811538,.,C,T,p.Val549Val,p.Val549Val,c.1647G>A,PASS,synonymous,,22,121412,0,0.0001812,0,10406,0,0,8654,0,7,66740,0,15,6614,0,0,11578,0,0,908,0,0,16512,0
10,88854049,.,G,C,,,c.445+33C>G,PASS,intron,,5,27786,0,0.0001799,0,1948,0,0,1154,0,5,13526,0,0,476,0,0,1092,0,0,236,0,0,9354,0
10,88854550,.,G,C,,,c.-24C>G,PASS,5' UTR,,14,80300,0,0.0001743,12,5132,0,0,5804,0,0,44486,0,0,4304,0,1,7990,0,0,604,0,1,11980,0
10,88822563,rs144831842,A,G,p.Gly257Gly,p.Gly257Gly,c.771T>C,PASS,synonymous,,21,120854,0,0.0001738,19,10374,0,0,8644,0,1,66506,0,0,6610,0,1,11474,0,0,898,0,0,16348,0
10,88818884,rs142635640,C,A,,,c.1402+23G>T,PASS,intron,,21,121408,0,0.000173,19,10406,0,0,8654,0,2,66738,0,0,6614,0,0,11578,0,0,908,0,0,16510,0
10,88854501,.,A,T,p.Leu9Gln,p.Leu9Gln,c.26T>A,PASS,missense,,6,42638,0,0.0001407,0,2236,0,0,2470,0,0,22584,0,0,2622,0,0,2930,0,0,390,0,6,9406,0
10,88813087,.,C,T,,,c.1557+12G>A,PASS,intron,,16,118796,0,0.0001347,0,9916,0,0,8602,0,12,65724,0,0,6546,0,0,11160,0,1,886,0,3,15962,0
10,88820007,.,G,A,,,n.131C>T,PASS,non coding transcript exon,,16,121408,0,0.0001318,0,10402,0,0,8654,0,0,66740,0,0,6614,0,0,11578,0,0,908,0,16,16512,0
10,88817550,.,A,G,,,c.1403-11T>C,PASS,intron,,15,121004,0,0.000124,0,10332,0,0,8620,0,15,66528,0,0,6606,0,0,11542,0,0,906,0,0,16470,0
10,88818897,.,C,T,,,c.1402+10G>A,PASS,intron,,15,121410,0,0.0001235,2,10406,0,0,8654,0,10,66740,0,2,6614,0,0,11578,0,0,908,0,1,16510,0
10,88821000,rs140276410,C,T,,,c.922-191G>A,PASS,intron,,2,18120,0,0.0001104,0,1104,0,0,462,0,1,6886,0,0,424,0,0,564,0,0,198,0,1,8482,0
10,88854481,.,G,A,p.Pro16Ser,p.Pro16Ser,c.46C>T,PASS,missense,,3,27168,0,0.0001104,0,1192,0,0,1328,0,2,12632,0,1,1986,0,0,1292,0,0,258,0,0,8480,0
10,88834404,.,A,T,,,c.583-33T>A,PASS,intron,,13,119062,0,0.0001092,0,9872,0,0,8382,0,13,65306,0,0,6594,0,0,11526,0,0,898,0,0,16484,0
10,88834391,.,AAAC,A,,,c.583-23_583-21delGTT,PASS,intron,,13,119648,0,0.0001087,0,9992,0,0,8488,0,0,65630,0,0,6604,0,0,11546,0,0,898,0,13,16490,0
10,88854482,.,C,T,p.Gly15Gly,p.Gly15Gly,c.45G>A,PASS,synonymous,,3,27674,0,0.0001084,3,1224,0,0,1352,0,0,12982,0,0,2008,0,0,1336,0,0,266,0,0,8506,0
10,88834369,.,A,G,c.585T>C,p.Asp195Asp,c.585T>C,PASS,splice region,,12,120552,0,0.00009954,0,10200,0,0,8638,0,0,66124,0,0,6612,0,12,11566,0,0,902,0,0,16510,0
10,88854134,rs147496974,G,C,p.Val131Val,p.Val131Val,c.393C>G,PASS,synonymous,,10,105850,0,0.00009447,9,8580,0,0,7506,0,0,58004,0,0,5274,0,1,9964,0,0,782,0,0,15740,0
10,88853732,rs141821296,T,A,"p.Thr2Serâ€?,p.Thr2Ser""",c.4A>T,,PASS,missense,,1,10768,0,0.00009287,1,190,0,0,132,0,0,2730,0,0,0,0,0,92,0,0,118,0,0,7506,0
10,88853738,.,C,T,,,c.-458G>A,PASS,5' UTR,,1,10768,0,0.00009287,0,190,0,0,132,0,1,2730,0,0,0,0,0,92,0,0,118,0,0,7506,0
10,88853652,.,G,C,,,c.445+430C>G,PASS,intron,,1,10770,0,0.00009285,0,192,0,0,136,0,0,2730,0,0,2,0,0,92,0,0,118,0,1,7500,0
10,88853697,.,C,G,"p.Leu13Pheâ€?,p.Leu13Phe""",c.39G>C,,PASS,missense,,1,10774,0,0.00009282,0,192,0,0,134,0,0,2732,0,0,0,0,0,92,0,0,118,0,1,7506,0
10,88853681,.,G,A,,,c.445+401C>T,PASS,intron,,1,10776,0,0.0000928,0,192,0,0,134,0,0,2734,0,0,0,0,0,92,0,0,118,0,1,7506,0
10,88819075,.,C,T,,,c.1279-45G>A,PASS,intron,,11,121316,0,0.00009067,0,10340,0,0,8650,0,0,66718,0,0,6614,0,0,11576,0,0,908,0,11,16510,0
10,88813102,.,G,C,p.Ala518Ala,p.Ala518Ala,c.1554C>G,PASS,synonymous,,10,119380,0,0.00008377,0,9970,0,0,8614,0,0,65996,0,0,6584,0,10,11286,0,0,886,0,0,16044,0
10,88819047,.,GAC,G,,,c.1279-19_1279-18delGT,PASS,intron,,10,121386,0,0.00008238,0,10388,0,0,8654,0,10,66736,0,0,6614,0,0,11576,0,0,908,0,0,16510,0
10,88820946,.,G,A,,,c.922-137C>T,PASS,intron,,5,63782,0,0.00007839,0,5176,0,5,3620,0,0,33184,0,0,4142,0,0,4828,0,0,528,0,0,12304,0
10,88835707,.,T,C,,,c.582+18A>G,PASS,intron,,9,120938,0,0.00007442,0,10322,0,9,8574,0,0,66500,0,0,6608,0,0,11536,0,0,908,0,0,16490,0
10,88820753,.,T,C,p.Lys326Lys,p.Lys326Lys,c.978A>G,PASS,synonymous,,9,121374,0,0.00007415,0,10372,0,0,8654,0,9,66736,0,0,6614,0,0,11578,0,0,908,0,0,16512,0
10,88820030,.,G,A,,,n.108C>T,PASS,non coding transcript exon,,9,121394,0,0.00007414,1,10400,0,0,8654,0,3,66732,0,0,6614,0,0,11576,0,0,908,0,5,16510,0
10,88813141,.,G,A,p.Ile505Ile,p.Ile505Ile,c.1515C>T,PASS,synonymous,,8,119626,0,0.00006688,0,10050,0,0,8618,0,0,66084,0,0,6588,0,0,11312,0,1,882,0,7,16092,0
10,88835696,.,T,TA,,,c.582+28dupT,PASS,intron,,8,120816,0,0.00006622,0,10318,0,0,8554,0,0,66420,0,0,6602,0,0,11526,0,0,908,0,8,16488,0
10,88836414,.,C,CTGGTGG,c.446-7_446-2dupCCAC...,,c.446-7_446-2dupCCACCA,PASS,splice acceptor,,8,121392,0,0.0000659,0,10400,0,8,8654,0,0,66728,0,0,6614,0,0,11576,0,0,908,0,0,16512,0
10,88854098,.,G,C,p.Arg143Arg,p.Arg143Arg,c.429C>G,PASS,synonymous,,5,79460,0,0.00006292,0,6410,0,5,5404,0,0,43936,0,0,3220,0,0,6428,0,0,614,0,0,13448,0
10,88827781,.,G,A,,,c.741+39C>T,PASS,intron,,7,113060,0,0.00006191,0,9772,0,0,7768,0,4,62242,0,0,6326,0,0,10506,0,0,844,0,3,15602,0
10,88854426,.,C,T,p.Arg34Gln,p.Arg34Gln,c.101G>A,PASS,missense,,3,48458,0,0.00006191,0,3142,0,0,3684,0,0,23696,0,0,2982,0,0,3616,0,0,406,0,3,10932,0
10,88834284,.,CA,C,,,c.646+23delT,PASS,intron,,7,121320,0,0.0000577,0,10374,0,0,8644,0,3,66692,0,0,6614,0,3,11578,0,1,908,0,0,16510,0
10,88822607,.,A,G,,,c.742-15T>C,PASS,intron,,6,116392,1,0.00005155,0,10050,0,0,8354,0,0,64114,0,0,6480,0,0,10916,0,0,874,0,6,15604,1
10,88822578,.,G,A,p.His252His,p.His252His,c.756C>T,PASS,synonymous,,6,120236,0,0.0000499,2,10320,0,0,8612,0,4,66252,0,0,6594,0,0,11388,0,0,892,0,0,16178,0
10,88811538,.,C,G,p.Val549Val,p.Val549Val,c.1647G>C,PASS,synonymous,,6,121412,0,0.00004942,0,10406,0,6,8654,0,0,66740,0,0,6614,0,0,11578,0,0,908,0,0,16512,0
10,88811601,.,A,G,p.Tyr528Tyr,p.Tyr528Tyr,c.1584T>C,PASS,synonymous,,6,121412,1,0.00004942,0,10406,0,0,8654,0,1,66740,0,0,6614,0,0,11578,0,0,908,0,5,16512,1
10,88818885,rs146034815,G,A,,,c.1402+22C>T,PASS,intron,,6,121410,0,0.00004942,2,10406,0,0,8654,0,3,66740,0,0,6614,0,1,11578,0,0,908,0,0,16510,0
10,88820019,.,T,C,,,n.119A>G,PASS,non coding transcript exon,,6,121404,0,0.00004942,0,10400,0,1,8654,0,5,66738,0,0,6614,0,0,11578,0,0,908,0,0,16512,0
10,88820398,.,G,A,,,n.323C>T,PASS,non coding transcript exon,,6,121410,0,0.00004942,0,10404,0,3,8654,0,3,66740,0,0,6614,0,0,11578,0,0,908,0,0,16512,0
10,88854470,.,C,T,p.Leu19Leu,p.Leu19Leu,c.57G>A,PASS,synonymous,,1,22108,0,0.00004523,0,842,0,0,1000,0,1,9322,0,0,1758,0,0,802,0,0,218,0,0,8166,0
10,88854377,.,C,G,p.Arg50Arg,p.Arg50Arg,c.150G>C,PASS,synonymous,,5,116096,0,0.00004307,0,9132,0,0,8476,0,4,63208,0,0,6594,0,0,11410,0,1,862,0,0,16414,0
10,88835792,.,G,A,,,c.527-12C>T,PASS,intron,,5,120290,0,0.00004157,0,10170,0,0,8466,0,0,66168,0,0,6594,0,5,11506,0,0,904,0,0,16482,0
10,88827853,.,G,A,p.Ile236Ile,p.Ile236Ile,c.708C>T,PASS,synonymous,,5,121036,0,0.00004131,1,10358,0,0,8608,0,0,66588,0,0,6596,0,0,11528,0,0,906,0,4,16452,0
10,88836444,.,G,A,,,c.446-31C>T,PASS,intron,,5,121244,0,0.00004124,0,10376,0,0,8626,0,5,66650,0,0,6610,0,0,11568,0,0,906,0,0,16508,0
10,88834300,.,A,G,c.646+8T>C,,c.646+8T>C,PASS,splice region,,5,121362,0,0.0000412,0,10392,0,0,8654,0,5,66706,0,0,6614,0,0,11578,0,0,908,0,0,16510,0
10,88820029,rs182913619,C,T,,,n.109G>A,PASS,non coding transcript exon,,5,121388,0,0.00004119,1,10396,0,0,8654,0,3,66728,0,0,6614,0,0,11578,0,0,908,0,1,16510,0
10,88811533,.,T,C,p.Asn551Ser,p.Asn551Ser,c.1652A>G,PASS,missense,,5,121412,0,0.00004118,1,10406,0,0,8654,0,3,66740,0,0,6614,0,1,11578,0,0,908,0,0,16512,0
10,88820013,.,G,T,,,n.125C>A,PASS,non coding transcript exon,,5,121406,0,0.00004118,0,10402,0,5,8654,0,0,66738,0,0,6614,0,0,11578,0,0,908,0,0,16512,0
10,88854541,.,G,A,,,c.-15C>T,PASS,5' UTR,,3,75938,1,0.00003951,0,4792,0,0,5336,0,0,42166,0,0,4092,0,0,7404,0,0,578,0,3,11570,1
10,88820987,.,A,G,,,c.922-178T>C,PASS,intron,,1,25406,0,0.00003936,0,1790,0,0,822,0,0,11194,0,0,1182,0,0,964,0,0,254,0,1,9200,0
10,88854400,.,G,T,p.Pro43Thr,p.Pro43Thr,c.127C>A,PASS,missense,,4,107530,0,0.0000372,0,7566,0,0,7992,0,2,57792,0,1,6340,0,1,11026,0,0,798,0,0,16016,0
10,88854398,rs140734189,C,G,p.Pro43Pro,p.Pro43Pro,c.129G>C,PASS,synonymous,,4,110264,0,0.00003628,0,7952,0,0,8158,0,4,59512,0,0,6500,0,0,11166,0,0,816,0,0,16160,0
10,88854391,.,C,T,p.Ala46Thr,p.Ala46Thr,c.136G>A,PASS,missense,,4,113180,0,0.00003534,0,8344,0,0,8306,0,2,61534,0,0,6566,0,2,11294,0,0,846,0,0,16290,0
10,88813053,.,C,T,,,c.1557+46G>A,PASS,intron,,4,117726,0,0.00003398,1,9842,0,0,8570,0,1,65148,0,0,6484,0,2,10990,0,0,866,0,0,15826,0
10,88827802,.,C,T,,,c.741+18G>A,PASS,intron,,4,118404,0,0.00003378,4,10134,0,0,8392,0,0,65364,0,0,6482,0,0,11148,0,0,878,0,0,16006,0
10,88819062,.,A,G,,,c.1279-32T>C,PASS,intron,,4,121364,0,0.00003296,0,10372,0,0,8654,0,4,66730,0,0,6614,0,0,11576,0,0,908,0,0,16510,0
10,88811618,rs142014578,G,A,p.Arg523Cys,p.Arg523Cys,c.1567C>T,PASS,missense,,4,121412,0,0.00003295,0,10406,0,1,8654,0,2,66740,0,0,6614,0,1,11578,0,0,908,0,0,16512,0
10,88820519,.,C,T,p.Asp375Asn,p.Asp375Asn,c.1123G>A,PASS,missense,,4,121412,0,0.00003295,1,10406,0,0,8654,0,1,66740,0,0,6614,0,0,11578,0,0,908,0,2,16512,0
10,88836403,.,G,GT,p.Tyr152Ter,p.Tyr152Ter,c.455dupA,PASS,stop gained,,4,121398,0,0.00003295,4,10402,0,0,8654,0,0,66732,0,0,6614,0,0,11576,0,0,908,0,0,16512,0
10,88854486,.,G,T,p.Ala14Asp,p.Ala14Asp,c.41C>A,PASS,missense,,1,30740,0,0.00003253,0,1394,0,0,1596,0,0,14970,0,0,2158,0,1,1642,0,0,284,0,0,8696,0
10,88854058,.,G,C,,,c.445+24C>G,PASS,intron,,1,32238,0,0.00003102,0,2540,0,0,1516,0,1,16080,0,0,678,0,0,1430,0,0,284,0,0,9710,0
10,88820974,.,A,C,,,c.922-165T>G,PASS,intron,,1,34826,0,0.00002871,1,2674,0,0,1400,0,0,16578,0,0,2164,0,0,1664,0,0,334,0,0,10012,0
10,88854539,.,A,G,,,c.-13T>C,PASS,5' UTR,,2,74740,0,0.00002676,0,4664,0,2,5230,0,0,41510,0,0,4068,0,0,7236,0,0,570,0,0,11462,0
10,88854375,.,C,G,p.Arg51Pro,p.Arg51Pro,c.152G>C,PASS,missense,,3,116208,0,0.00002582,0,9168,0,0,8480,0,3,63270,0,0,6594,0,0,11414,0,0,862,0,0,16420,0
10,88854373,.,G,T,p.His52Asn,p.His52Asn,c.154C>A,PASS,missense,,3,116216,0,0.00002581,0,9168,0,0,8478,0,0,63270,0,0,6596,0,3,11422,0,0,862,0,0,16420,0
10,88827797,.,C,T,,,c.741+23G>A,PASS,intron,,3,116726,0,0.0000257,0,10016,0,0,8134,0,0,64440,0,0,6450,0,2,10964,0,0,866,0,1,15856,0
10,88813156,.,T,C,p.Ala500Ala,p.Ala500Ala,c.1500A>G,PASS,synonymous,,3,118870,0,0.00002524,0,9950,0,0,8608,0,3,65678,0,0,6574,0,0,11230,0,0,880,0,0,15950,0
10,88854197,.,C,T,p.Lys110Lys,p.Lys110Lys,c.330G>A,PASS,synonymous,,3,120386,0,0.00002492,0,10278,0,0,8616,0,3,65930,0,0,6610,0,0,11546,0,0,898,0,0,16508,0
10,88834258,.,A,AT,,,c.646+49_646+50insA,PASS,intron,,3,120858,0,0.00002482,3,10278,0,0,8480,0,0,66510,0,0,6610,0,0,11566,0,0,904,0,0,16510,0
10,88854551,.,T,C,,,c.-25A>G,PASS,5' UTR,,2,80736,0,0.00002477,1,5186,0,0,5832,0,1,44718,0,0,4322,0,0,8050,0,0,616,0,0,12012,0
10,88819877,.,T,C,,,c.1278+41A>G,PASS,intron,,3,121186,0,0.00002476,0,10316,0,0,8612,0,3,66670,0,0,6608,0,0,11566,0,0,908,0,0,16506,0
10,88817490,.,A,G,p.Thr484Thr,p.Thr484Thr,c.1452T>C,PASS,synonymous,,3,121344,0,0.00002472,3,10398,0,0,8654,0,0,66700,0,0,6612,0,0,11572,0,0,908,0,0,16500,0
10,88818857,.,T,A,,,c.1402+50A>T,PASS,intron,,3,121406,0,0.00002471,0,10402,0,3,8654,0,0,66740,0,0,6614,0,0,11578,0,0,908,0,0,16510,0
10,88818899,.,A,G,c.1402+8T>C,,c.1402+8T>C,PASS,splice region,,3,121410,0,0.00002471,0,10406,0,0,8654,0,3,66740,0,0,6614,0,0,11578,0,0,908,0,0,16510,0
10,88819036,.,C,A,c.1279-6G>T,,c.1279-6G>T,PASS,splice region,,3,121396,0,0.00002471,0,10396,0,0,8654,0,3,66738,0,0,6614,0,0,11576,0,0,908,0,0,16510,0
10,88819036,.,C,T,c.1279-6G>A,,c.1279-6G>A,PASS,splice region,,3,121396,0,0.00002471,0,10396,0,0,8654,0,3,66738,0,0,6614,0,0,11576,0,0,908,0,0,16510,0
10,88820425,.,G,C,,,n.296C>G,PASS,non coding transcript exon,,3,121412,0,0.00002471,0,10406,0,0,8654,0,0,66740,0,0,6614,0,3,11578,0,0,908,0,0,16512,0
10,88820467,.,T,C,p.Asn392Ser,p.Asn392Ser,c.1175A>G,PASS,missense,,3,121412,0,0.00002471,0,10406,0,0,8654,0,2,66740,0,0,6614,0,1,11578,0,0,908,0,0,16512,0
10,88836322,.,C,T,,,c.526+11G>A,PASS,intron,,3,121396,0,0.00002471,0,10404,0,2,8654,0,1,66732,0,0,6614,0,0,11576,0,0,908,0,0,16508,0
10,88854560,.,C,T,,,c.-34G>A,PASS,5' UTR,,2,83076,0,0.00002407,0,5384,0,0,6026,0,1,46012,0,0,4472,0,1,8344,0,0,626,0,0,12212,0
10,88854500,.,C,A,p.Leu9Leu,p.Leu9Leu,c.27G>T,PASS,synonymous,,1,41730,0,0.00002396,0,2164,0,0,2398,0,1,22016,0,0,2574,0,0,2834,0,0,386,0,0,9358,0
10,88822390,.,A,C,,,c.921+23T>G,PASS,intron,,2,83578,0,0.00002393,0,7508,0,0,6286,0,2,42648,0,0,5290,0,0,7810,0,0,656,0,0,13380,0
10,88854104,.,C,T,p.Gln141Gln,p.Gln141Gln,c.423G>A,PASS,synonymous,,2,84256,0,0.00002374,0,6808,0,0,5832,0,0,46476,0,0,3534,0,0,7068,0,0,644,0,2,13894,0
10,88820965,.,C,T,,,c.922-156G>A,PASS,intron,,1,42218,0,0.00002369,0,3372,0,0,1926,0,1,20838,0,0,2790,0,0,2298,0,0,386,0,0,10608,0
10,88854502,.,G,A,p.Leu9Leu,p.Leu9Leu,c.25C>T,PASS,synonymous,,1,43178,0,0.00002316,0,2274,0,1,2518,0,0,22922,0,0,2654,0,0,2990,0,0,396,0,0,9424,0
10,88822394,.,T,C,,,c.921+19A>G,PASS,intron,,2,87468,0,0.00002287,0,7780,0,0,6586,0,0,44992,0,0,5438,0,2,8280,0,0,678,0,0,13714,0
10,88822405,rs148463565,G,A,c.921+8C>T,,c.921+8C>T,PASS,splice region,,2,100036,0,0.00001999,2,8558,0,0,7572,0,0,52854,0,0,5952,0,0,9690,0,0,780,0,0,14630,0
10,88817574,.,A,T,,,c.1403-35T>A,PASS,intron,,1,51592,0,0.00001938,0,3774,0,0,1990,0,1,28264,0,0,3554,0,0,2842,0,0,462,0,0,10706,0
10,88820957,.,T,A,,,c.922-148A>T,PASS,intron,,1,51840,0,0.00001929,0,4218,0,0,2660,0,0,26274,0,0,3492,0,1,3394,0,0,460,0,0,11342,0
10,88827939,.,G,C,,,c.647-25C>G,PASS,intron,,2,112538,0,0.00001777,0,9604,0,1,7988,0,0,61974,0,0,6180,0,1,10432,0,0,852,0,0,15508,0
10,88854514,.,G,A,p.Leu5Leu,p.Leu5Leu,c.13C>T,PASS,synonymous,,1,56766,0,0.00001762,0,3266,0,1,3602,0,0,31220,0,0,3260,0,0,4732,0,0,458,0,0,10228,0
10,88827786,.,T,C,,,c.741+34A>G,PASS,intron,,2,114002,0,0.00001754,0,9840,0,1,7820,0,1,62800,0,0,6352,0,0,10646,0,0,850,0,0,15694,0
10,88854515,.,G,A,p.Tyr4Tyr,p.Tyr4Tyr,c.12C>T,PASS,synonymous,,1,57682,0,0.00001734,0,3344,0,0,3662,0,0,31776,0,0,3294,0,0,4866,0,0,466,0,1,10274,0
10,88854515,.,G,C,p.Tyr4Ter,p.Tyr4Ter,c.12C>G,PASS,stop gained,,1,57682,0,0.00001734,0,3344,0,0,3662,0,0,31776,0,0,3294,0,0,4866,0,0,466,0,1,10274,0
10,88854374,.,G,A,p.Arg51Arg,p.Arg51Arg,c.153C>T,PASS,synonymous,,2,116206,0,0.00001721,0,9168,0,0,8480,0,2,63266,0,0,6596,0,0,11414,0,0,862,0,0,16420,0
10,88854372,.,T,A,p.His52Leu,p.His52Leu,c.155A>T,PASS,missense,,2,116438,0,0.00001718,0,9224,0,0,8490,0,2,63406,0,0,6598,0,0,11434,0,0,862,0,0,16424,0
10,88827919,.,G,A,c.647-5C>T,,c.647-5C>T,PASS,splice region,,2,117582,0,0.00001701,0,10012,0,0,8434,0,2,64848,0,0,6414,0,0,11046,0,0,894,0,0,15934,0
10,88834420,.,G,A,,,c.583-49C>T,PASS,intron,,2,117744,0,0.00001699,0,9618,0,0,8188,0,0,64548,0,0,6580,0,0,11460,0,0,894,0,2,16456,0
10,88822599,.,GA,G,c.742-8delT,,c.742-8delT,PASS,splice region,,2,117826,0,0.00001697,0,10154,0,1,8460,0,1,64874,0,0,6528,0,0,11110,0,0,876,0,0,15824,0
10,88827918,.,C,T,c.647-4G>A,,c.647-4G>A,PASS,splice region,,2,118272,0,0.00001691,0,10070,0,0,8488,0,2,65236,0,0,6440,0,0,11132,0,0,894,0,0,16012,0
10,88854349,.,G,T,p.Arg60Ser,p.Arg60Ser,c.178C>A,PASS,missense,,2,118466,0,0.00001688,1,9906,0,0,8528,0,1,64606,0,0,6606,0,0,11482,0,0,872,0,0,16466,0
10,88854517,.,A,G,p.Tyr4His,p.Tyr4His,c.10T>C,PASS,missense,,1,59374,0,0.00001684,0,3462,0,0,3830,0,0,32752,0,0,3384,0,0,5104,0,0,480,0,1,10362,0
10,88813088,.,T,G,,,c.1557+11A>C,PASS,intron,,2,118848,0,0.00001683,0,9920,0,0,8604,0,2,65740,0,0,6556,0,0,11172,0,0,886,0,0,15970,0
10,88854332,.,G,A,p.Asn65Asn,p.Asn65Asn,c.195C>T,PASS,synonymous,,2,119396,0,0.00001675,2,10068,0,0,8582,0,0,65240,0,0,6608,0,0,11524,0,0,886,0,0,16488,0
10,88834388,.,C,A,,,c.583-17G>T,PASS,intron,,2,119854,0,0.00001669,0,10012,0,0,8532,0,2,65764,0,0,6606,0,0,11550,0,0,900,0,0,16490,0
10,88822467,.,G,A,p.Tyr289Tyr,p.Tyr289Tyr,c.867C>T,PASS,synonymous,,2,120208,0,0.00001664,0,10260,0,0,8628,0,2,66086,0,0,6594,0,0,11478,0,0,888,0,0,16274,0
10,88835787,.,G,A,c.527-7C>T,,c.527-7C>T,PASS,splice region,,2,120380,0,0.00001661,0,10188,0,0,8474,0,0,66220,0,2,6596,0,0,11512,0,0,904,0,0,16486,0
10,88835681,.,AAACAAC,A,,,c.582+38_582+43delGTTGTT,PASS,intron,,2,120510,0,0.0000166,0,10304,0,0,8472,0,0,66252,0,0,6600,0,2,11504,0,0,906,0,0,16472,0
10,88835784,.,A,C,c.527-4T>G,,c.527-4T>G,PASS,splice region,,2,120450,0,0.0000166,0,10210,0,0,8488,0,0,66252,0,0,6596,0,2,11512,0,0,904,0,0,16488,0
10,88835773,.,C,T,p.Pro178Pro,p.Pro178Pro,c.534G>A,PASS,synonymous,,2,120642,0,0.00001658,0,10248,0,0,8510,0,2,66362,0,0,6598,0,0,11530,0,0,904,0,0,16490,0
10,88834293,.,T,C,,,c.646+15A>G,PASS,intron,,2,120924,0,0.00001654,0,9988,0,0,8650,0,2,66702,0,0,6614,0,0,11558,0,0,902,0,0,16510,0
10,88836460,.,G,T,,,c.446-47C>A,PASS,intron,,2,120948,0,0.00001654,0,10340,0,0,8560,0,0,66484,0,0,6606,0,0,11550,0,0,906,0,2,16502,0
10,88819882,.,A,G,,,c.1278+36T>C,PASS,intron,,2,121208,0,0.0000165,0,10316,0,0,8622,0,0,66680,0,0,6608,0,2,11568,0,0,908,0,0,16506,0
10,88819076,.,G,A,,,c.1279-46C>T,PASS,intron,,2,121310,0,0.00001649,0,10332,0,0,8652,0,1,66718,0,0,6614,0,0,11576,0,0,908,0,1,16510,0
10,88819900,rs191637320,T,C,,,c.1278+18A>G,PASS,intron,,2,121294,0,0.00001649,0,10342,0,0,8648,0,0,66702,0,0,6612,0,2,11572,0,0,908,0,0,16510,0
10,88820650,.,T,G,,,c.1059+22A>C,PASS,intron,,2,121260,0,0.00001649,0,10268,0,0,8654,0,2,66726,0,0,6614,0,0,11578,0,0,908,0,0,16512,0
10,88834274,.,C,T,,,c.646+34G>A,PASS,intron,,2,121272,0,0.00001649,0,10362,0,2,8628,0,0,66674,0,0,6614,0,0,11578,0,0,906,0,0,16510,0
10,88834279,.,T,C,,,c.646+29A>G,PASS,intron,,2,121300,0,0.00001649,0,10372,0,0,8638,0,2,66682,0,0,6614,0,0,11578,0,0,906,0,0,16510,0
10,88819065,.,T,C,,,c.1279-35A>G,PASS,intron,,2,121350,0,0.00001648,0,10360,0,0,8654,0,2,66728,0,0,6614,0,0,11576,0,0,908,0,0,16510,0
10,88820040,.,G,A,,,n.98C>T,PASS,non coding transcript exon,,2,121386,0,0.00001648,0,10392,0,0,8654,0,0,66730,0,0,6614,0,1,11578,0,0,908,0,1,16510,0
10,88834297,.,G,A,,,c.646+11C>T,PASS,intron,,2,121362,0,0.00001648,0,10390,0,0,8654,0,0,66708,0,0,6614,0,2,11578,0,0,908,0,0,16510,0
10,88834319,.,T,C,p.Lys212Arg,p.Lys212Arg,c.635A>G,PASS,missense,,2,121340,0,0.00001648,0,10392,0,0,8654,0,1,66684,0,0,6614,0,1,11578,0,0,908,0,0,16510,0
10,88836290,.,T,G,,,c.526+43A>C,PASS,intron,,2,121360,0,0.00001648,0,10396,0,0,8652,0,0,66710,0,0,6614,0,0,11572,0,0,908,0,2,16508,0
10,88836296,.,G,C,,,c.526+37C>G,PASS,intron,,2,121364,0,0.00001648,0,10398,0,0,8652,0,0,66710,0,0,6614,0,2,11576,0,0,908,0,0,16506,0
10,88836323,.,G,A,,,c.526+10C>T,PASS,intron,,2,121396,0,0.00001648,0,10404,0,0,8654,0,2,66730,0,0,6614,0,0,11578,0,0,908,0,0,16508,0
10,88836419,.,G,A,c.446-6C>T,,c.446-6C>T,PASS,splice region,,2,121378,0,0.00001648,0,10396,0,1,8652,0,0,66720,0,0,6614,0,0,11576,0,0,908,0,1,16512,0
10,88811471,.,T,C,,,c.*37A>G,PASS,3' UTR,,2,121412,0,0.00001647,2,10406,0,0,8654,0,0,66740,0,0,6614,0,0,11578,0,0,908,0,0,16512,0
10,88811482,.,T,C,,,c.*26A>G,PASS,3' UTR,,2,121412,0,0.00001647,1,10406,0,0,8654,0,1,66740,0,0,6614,0,0,11578,0,0,908,0,0,16512,0
10,88811568,.,A,G,p.Tyr539Tyr,p.Tyr539Tyr,c.1617T>C,PASS,synonymous,,2,121412,0,0.00001647,0,10406,0,0,8654,0,2,66740,0,0,6614,0,0,11578,0,0,908,0,0,16512,0
10,88811617,.,C,T,p.Arg523His,p.Arg523His,c.1568G>A,PASS,missense,,2,121412,0,0.00001647,0,10406,0,1,8654,0,1,66740,0,0,6614,0,0,11578,0,0,908,0,0,16512,0
10,88811621,.,T,C,p.Met522Val,p.Met522Val,c.1564A>G,PASS,missense,,2,121412,1,0.00001647,0,10406,0,0,8654,0,2,66740,1,0,6614,0,0,11578,0,0,908,0,0,16512,0
10,88811655,.,G,A,,,c.1558-28C>T,PASS,intron,,2,121410,0,0.00001647,0,10406,0,0,8654,0,0,66740,0,0,6614,0,2,11578,0,0,906,0,0,16512,0
10,88817414,.,G,A,,,c.1494+34C>T,PASS,intron,,2,121404,0,0.00001647,1,10404,0,0,8654,0,0,66736,0,0,6614,0,1,11576,0,0,908,0,0,16512,0
10,88817427,.,C,T,,,c.1494+21G>A,PASS,intron,,2,121402,0,0.00001647,1,10404,0,0,8654,0,1,66734,0,0,6614,0,0,11576,0,0,908,0,0,16512,0
10,88818858,.,C,A,,,c.1402+49G>T,PASS,intron,,2,121406,0,0.00001647,0,10402,0,0,8654,0,2,66740,0,0,6614,0,0,11578,0,0,908,0,0,16510,0
10,88818869,.,A,G,,,c.1402+38T>C,PASS,intron,,2,121406,0,0.00001647,0,10402,0,0,8654,0,1,66740,0,0,6614,0,0,11578,0,0,908,0,1,16510,0
10,88818875,.,G,A,,,c.1402+32C>T,PASS,intron,,2,121406,0,0.00001647,0,10402,0,0,8654,0,0,66740,0,0,6614,0,0,11578,0,0,908,0,2,16510,0
10,88819001,.,T,C,p.Thr436Thr,p.Thr436Thr,c.1308A>G,PASS,synonymous,,2,121410,0,0.00001647,1,10406,0,0,8654,0,0,66740,0,0,6614,0,1,11578,0,0,908,0,0,16510,0
10,88819932,.,T,C,p.Ile422Val,p.Ile422Val,c.1264A>G,PASS,missense,,2,121400,0,0.00001647,0,10394,0,0,8654,0,2,66740,0,0,6614,0,0,11578,0,0,908,0,0,16512,0
10,88820003,.,AAG,A,c.1198-7_1198-6delCT,,c.1198-7_1198-6delCT,PASS,splice region,,2,121408,0,0.00001647,0,10402,0,0,8654,0,2,66740,0,0,6614,0,0,11578,0,0,908,0,0,16512,0
10,88820408,.,T,C,,,n.313A>G,PASS,non coding transcript exon,,2,121412,0,0.00001647,2,10406,0,0,8654,0,0,66740,0,0,6614,0,0,11578,0,0,908,0,0,16512,0
10,88820461,.,G,A,p.Pro394Leu,p.Pro394Leu,c.1181C>T,PASS,missense,,2,121412,0,0.00001647,0,10406,0,0,8654,0,0,66740,0,0,6614,0,0,11578,0,1,908,0,1,16512,0
10,88820532,.,G,A,p.Ser370Ser,p.Ser370Ser,c.1110C>T,PASS,synonymous,,2,121412,0,0.00001647,0,10406,0,0,8654,0,0,66740,0,0,6614,0,0,11578,0,0,908,0,2,16512,0
10,88820579,.,G,A,p.His355Tyr,p.His355Tyr,c.1063C>T,PASS,missense,,2,121402,0,0.00001647,2,10396,0,0,8654,0,0,66740,0,0,6614,0,0,11578,0,0,908,0,0,16512,0
10,88836381,.,C,T,p.Glu160Lys,p.Glu160Lys,c.478G>A,PASS,missense,,2,121400,0,0.00001647,0,10402,0,2,8654,0,0,66732,0,0,6614,0,0,11578,0,0,908,0,0,16512,0
10,88836391,.,C,T,p.Val156Val,p.Val156Val,c.468G>A,PASS,synonymous,,2,121400,0,0.00001647,0,10402,0,0,8654,0,0,66732,0,0,6614,0,1,11578,0,1,908,0,0,16512,0
10,88854420,.,T,C,p.Gln36Arg,p.Gln36Arg,c.107A>G,PASS,missense,,1,62854,0,0.00001591,0,4012,0,0,4876,0,1,32110,0,0,3684,0,0,5452,0,0,506,0,0,12214,0
10,88854080,.,A,C,c.445+2T>G,,c.445+2T>G,PASS,splice donor,,1,63338,0,0.00001579,0,5172,0,0,3962,0,1,34956,0,0,2248,0,0,4462,0,0,494,0,0,12044,0
10,88854081,.,C,G,c.445+1G>C,,c.445+1G>C,PASS,splice donor,,1,64434,0,0.00001552,0,5242,0,0,4068,0,1,35576,0,0,2302,0,0,4626,0,0,502,0,0,12118,0
10,88854419,.,C,T,p.Gln36Gln,p.Gln36Gln,c.108G>A,PASS,synonymous,,1,65320,0,0.00001531,1,4192,0,0,5090,0,0,33638,0,0,3786,0,0,5746,0,0,522,0,0,12346,0
10,88854525,.,A,G,p.Met1?,p.Met1?,c.2T>C,PASS,start lost,,1,65962,0,0.00001516,0,3976,0,0,4384,0,1,36618,0,0,3646,0,0,6034,0,0,524,0,0,10780,0
10,88854086,.,C,T,p.Lys147Lys,p.Lys147Lys,c.441G>A,PASS,synonymous,,1,68808,0,0.00001453,0,5572,0,0,4448,0,0,38112,0,0,2552,0,0,5082,0,0,544,0,1,12498,0
10,88820941,.,A,G,,,c.922-132T>C,PASS,intron,,1,70958,0,0.00001409,0,5784,0,0,4256,0,1,37336,0,0,4510,0,0,5656,0,0,588,0,0,12828,0
10,88822366,.,T,C,,,c.921+47A>G,PASS,intron,,1,74014,0,0.00001351,0,6650,0,0,5370,0,1,37208,0,0,4876,0,0,6706,0,0,608,0,0,12596,0
10,88854092,.,G,A,p.Pro145Pro,p.Pro145Pro,c.435C>T,PASS,synonymous,,1,74068,0,0.0000135,0,5998,0,0,4924,0,1,40962,0,0,2900,0,0,5728,0,0,578,0,0,12978,0
10,88822372,.,C,T,,,c.921+41G>A,PASS,intron,,1,74672,0,0.00001339,0,6712,0,0,5454,0,1,37562,0,0,4902,0,0,6774,0,0,612,0,0,12656,0
10,88822375,.,T,A,,,c.921+38A>T,PASS,intron,,1,75258,0,0.00001329,0,6752,0,0,5512,0,1,37916,0,0,4930,0,0,6840,0,0,612,0,0,12696,0
10,88822376,.,C,G,,,c.921+37G>C,PASS,intron,,1,75218,0,0.00001329,0,6758,0,0,5512,0,1,37900,0,0,4924,0,0,6812,0,0,614,0,0,12698,0
10,88822378,.,G,C,,,c.921+35C>G,PASS,intron,,1,76038,0,0.00001315,0,6854,0,0,5572,0,1,38392,0,0,4958,0,0,6882,0,0,618,0,0,12762,0
10,88854543,.,G,C,,,c.-17C>G,PASS,5' UTR,,1,77058,0,0.00001298,0,4874,0,0,5458,0,0,42726,0,0,4154,0,0,7588,0,0,584,0,1,11674,0
10,88854545,.,G,A,,,c.-19C>T,PASS,5' UTR,,1,78350,0,0.00001276,0,4954,0,0,5578,0,0,43430,0,0,4218,0,1,7738,0,0,596,0,0,11836,0
10,88820934,.,A,G,,,c.922-125T>C,PASS,intron,,1,78642,0,0.00001272,0,6464,0,0,4794,0,0,41844,0,0,4972,0,1,6488,0,0,652,0,0,13428,0
10,88854554,.,T,C,,,c.-28A>G,PASS,5' UTR,,1,81570,0,0.00001226,0,5268,0,0,5894,0,0,45170,0,0,4374,0,1,8158,0,0,618,0,0,12088,0
10,88854555,.,G,T,,,c.-29C>A,PASS,5' UTR,,1,81802,0,0.00001222,0,5288,0,0,5908,0,0,45300,0,0,4390,0,0,8184,0,0,618,0,1,12114,0
10,88854412,.,C,T,p.Ala39Thr,p.Ala39Thr,c.115G>A,PASS,missense,,1,90246,0,0.00001108,0,6062,0,0,6814,0,1,48036,0,0,5032,0,0,8868,0,0,678,0,0,14756,0
10,88854115,.,G,A,p.Gln138Ter,p.Gln138Ter,c.412C>T,PASS,stop gained,,1,92780,0,0.00001078,0,7488,0,0,6528,0,1,51036,0,0,4154,0,0,8228,0,0,702,0,0,14644,0
10,88820921,.,A,G,,,c.922-112T>C,PASS,intron,,1,94420,0,0.00001059,1,7752,0,0,5984,0,0,50988,0,0,5824,0,0,8410,0,0,778,0,0,14684,0
10,88827963,.,C,T,,,c.647-49G>A,PASS,intron,,1,98010,0,0.0000102,0,8500,0,0,6762,0,1,53516,0,0,5550,0,0,8582,0,0,760,0,0,14340,0
10,88827963,.,C,A,,,c.647-49G>T,PASS,intron,,1,98010,0,0.0000102,0,8500,0,0,6762,0,0,53516,0,0,5550,0,1,8582,0,0,760,0,0,14340,0
10,88854127,.,C,T,p.Gly134Ser,p.Gly134Ser,c.400G>A,PASS,missense,,1,101904,0,0.000009813,0,8220,0,0,7212,0,1,55922,0,0,4910,0,0,9462,0,0,760,0,0,15418,0
10,88822644,.,T,C,,,c.742-52A>G,PASS,intron,,1,108840,0,0.000009188,0,9522,0,0,7770,0,1,59828,0,0,6248,0,0,9918,0,0,818,0,0,14736,0
10,88817591,.,A,C,,,c.1403-52T>G,PASS,intron,,1,110900,0,0.000009017,0,9474,0,0,7520,0,1,60070,0,0,6442,0,0,10582,0,0,848,0,0,15964,0
10,88822638,.,C,T,,,c.742-46G>A,PASS,intron,,1,111820,0,0.000008943,0,9748,0,0,7940,0,0,61608,0,0,6350,0,1,10306,0,0,848,0,0,15020,0
10,88827780,.,A,G,,,c.741+40T>C,PASS,intron,,1,113348,0,0.000008822,0,9786,0,0,7776,0,1,62416,0,0,6342,0,0,10550,0,0,846,0,0,15632,0
10,88827935,.,A,G,,,c.647-21T>C,PASS,intron,,1,113494,0,0.000008811,1,9666,0,0,8074,0,0,62540,0,0,6228,0,0,10542,0,0,858,0,0,15586,0
10,88827785,.,A,G,,,c.741+35T>C,PASS,intron,,1,113884,0,0.000008781,0,9824,0,1,7804,0,0,62748,0,0,6358,0,0,10634,0,0,850,0,0,15666,0
10,88827788,.,C,G,,,c.741+32G>C,PASS,intron,,1,114190,0,0.000008757,0,9854,0,0,7828,0,1,62906,0,0,6366,0,0,10668,0,0,856,0,0,15712,0
10,88854388,.,A,C,p.Leu47Val,p.Leu47Val,c.139T>G,PASS,missense,,1,114444,0,0.000008738,0,8626,0,1,8388,0,0,62316,0,0,6582,0,0,11342,0,0,856,0,0,16334,0
10,88827790,.,G,A,,,c.741+30C>T,PASS,intron,,1,114744,0,0.000008715,0,9900,0,0,7892,0,0,63254,0,1,6372,0,0,10724,0,0,858,0,0,15744,0
10,88822620,.,A,G,,,c.742-28T>C,PASS,intron,,1,115206,0,0.00000868,0,9972,0,0,8258,0,0,63480,0,0,6446,0,0,10768,0,0,866,0,1,15416,0
10,88827928,rs147471282,G,A,,,c.647-14C>T,PASS,intron,,1,115406,0,0.000008665,1,9816,0,0,8260,0,0,63626,0,0,6310,0,0,10796,0,0,880,0,0,15718,0
10,88827794,.,C,G,,,c.741+26G>C,PASS,intron,,1,115816,0,0.000008634,0,9982,0,0,8004,0,0,63894,0,0,6400,0,0,10858,0,0,864,0,1,15814,0
10,88822429,.,T,C,p.Lys302Arg,p.Lys302Arg,c.905A>G,PASS,missense,,1,116022,0,0.000008619,0,9766,0,0,8494,0,1,63518,0,0,6506,0,0,11084,0,0,868,0,0,15786,0
10,88822605,.,G,A,,,c.742-13C>T,PASS,intron,,1,116716,0,0.000008568,0,10082,0,0,8382,0,1,64264,0,0,6486,0,0,10980,0,0,870,0,0,15652,0
10,88822604,.,G,A,,,c.742-12C>T,PASS,intron,,1,116994,0,0.000008547,0,10102,0,1,8404,0,0,64422,0,0,6492,0,0,11006,0,0,872,0,0,15696,0
10,88827798,.,G,A,,,c.741+22C>T,PASS,intron,,1,117260,0,0.000008528,1,10050,0,0,8220,0,0,64760,0,0,6444,0,0,11028,0,0,870,0,0,15888,0
10,88813172,.,A,T,,,c.1495-11T>A,PASS,intron,,1,117488,0,0.000008512,0,9870,0,0,8560,0,1,64886,0,0,6520,0,0,11046,0,0,856,0,0,15750,0
10,88827921,.,G,A,c.647-7C>T,,c.647-7C>T,PASS,splice region,,1,117568,0,0.000008506,0,9998,0,0,8434,0,1,64850,0,0,6414,0,0,11048,0,0,892,0,0,15932,0
10,88813049,.,G,A,,,c.1557+50C>T,PASS,intron,,1,117716,0,0.000008495,0,9824,0,1,8564,0,0,65152,0,0,6476,0,0,10992,0,0,868,0,0,15840,0
10,88813050,.,T,C,,,c.1557+49A>G,PASS,intron,,1,117762,0,0.000008492,1,9838,0,0,8574,0,0,65180,0,0,6482,0,0,10984,0,0,870,0,0,15834,0
10,88813169,.,G,A,c.1495-8C>T,,c.1495-8C>T,PASS,splice region,,1,117916,0,0.000008481,0,9884,0,0,8568,0,1,65154,0,0,6534,0,0,11120,0,0,864,0,0,15792,0
10,88813061,.,G,C,,,c.1557+38C>G,PASS,intron,,1,117924,0,0.00000848,1,9842,0,0,8574,0,0,65276,0,0,6492,0,0,11020,0,0,872,0,0,15848,0
10,88827800,.,G,A,,,c.741+20C>T,PASS,intron,,1,117934,0,0.000008479,0,10092,0,0,8312,0,1,65108,0,0,6470,0,0,11110,0,0,876,0,0,15966,0
10,88813060,.,T,C,,,c.1557+39A>G,PASS,intron,,1,117958,0,0.000008478,0,9844,0,0,8578,0,1,65292,0,0,6494,0,0,11020,0,0,872,0,0,15858,0
10,88813066,.,T,C,,,c.1557+33A>G,PASS,intron,,1,118072,0,0.000008469,0,9856,0,0,8578,0,1,65358,0,0,6504,0,0,11036,0,0,874,0,0,15866,0
10,88854349,.,G,A,p.Arg60Cys,p.Arg60Cys,c.178C>T,PASS,missense,,1,118466,0,0.000008441,0,9906,0,0,8528,0,1,64606,0,0,6606,0,0,11482,0,0,872,0,0,16466,0
10,88813087,.,C,G,,,c.1557+12G>C,PASS,intron,,1,118796,0,0.000008418,1,9916,0,0,8602,0,0,65724,0,0,6546,0,0,11160,0,0,886,0,0,15962,0
10,88822591,.,T,C,p.Asp248Gly,p.Asp248Gly,c.743A>G,PASS,missense,,1,118968,0,0.000008406,0,10236,0,0,8524,0,1,65550,0,0,6570,0,0,11234,0,0,880,0,0,15974,0
10,88813150,.,C,T,p.Glu502Glu,p.Glu502Glu,c.1506G>A,PASS,synonymous,,1,119252,0,0.000008386,0,10002,0,0,8612,0,1,65888,0,0,6584,0,0,11276,0,0,882,0,0,16008,0
10,88854334,.,T,C,p.Asn65Asp,p.Asn65Asp,c.193A>G,PASS,missense,,1,119362,0,0.000008378,0,10054,0,0,8582,0,0,65224,0,0,6608,0,0,11520,0,0,888,0,1,16486,0
10,88834399,.,GA,G,,,c.583-29delT,PASS,intron,,1,119378,0,0.000008377,0,9942,0,0,8444,0,0,65480,0,0,6596,0,0,11536,0,0,898,0,1,16482,0
10,88813109,.,C,T,p.Arg516His,p.Arg516His,c.1547G>A,PASS,missense,,1,119580,0,0.000008363,0,10000,0,0,8620,0,0,66100,0,1,6590,0,0,11300,0,0,890,0,0,16080,0
10,88813109,.,C,A,p.Arg516Leu,p.Arg516Leu,c.1547G>T,PASS,missense,,1,119580,0,0.000008363,0,10000,0,0,8620,0,1,66100,0,0,6590,0,0,11300,0,0,890,0,0,16080,0
10,88813140,.,C,T,p.Val506Met,p.Val506Met,c.1516G>A,PASS,missense,,1,119644,0,0.000008358,0,10048,0,0,8620,0,0,66098,0,1,6588,0,0,11314,0,0,884,0,0,16092,0
10,88835817,.,A,G,,,c.527-37T>C,PASS,intron,,1,119678,0,0.000008356,0,9994,0,0,8410,0,0,65836,0,0,6590,0,1,11484,0,0,898,0,0,16466,0
10,88827906,.,T,C,p.Ile219Val,p.Ile219Val,c.655A>G,PASS,missense,,1,119732,0,0.000008352,0,10208,0,0,8564,0,1,66002,0,0,6508,0,0,11348,0,0,898,0,0,16204,0
10,88835812,.,T,C,,,c.527-32A>G,PASS,intron,,1,119744,0,0.000008351,0,10020,0,0,8414,0,1,65868,0,0,6592,0,0,11484,0,0,898,0,0,16468,0
10,88835808,.,T,C,,,c.527-28A>G,PASS,intron,,1,119830,0,0.000008345,0,10044,0,1,8422,0,0,65912,0,0,6592,0,0,11492,0,0,900,0,0,16468,0
10,88813128,.,A,G,p.Leu510Leu,p.Leu510Leu,c.1528T>C,PASS,synonymous,,1,119858,0,0.000008343,0,10076,0,0,8624,0,0,66190,0,0,6594,0,0,11348,0,0,888,0,1,16138,0
10,88835807,.,T,C,,,c.527-27A>G,PASS,intron,,1,119888,0,0.000008341,0,10052,0,0,8426,0,1,65958,0,0,6592,0,0,11492,0,0,900,0,0,16468,0
10,88835800,.,G,A,,,c.527-20C>T,PASS,intron,,1,120054,0,0.00000833,1,10098,0,0,8442,0,0,66052,0,0,6592,0,0,11498,0,0,900,0,0,16472,0
10,88854312,.,C,T,p.Gly72Asp,p.Gly72Asp,c.215G>A,PASS,missense,,1,120074,0,0.000008328,0,10192,0,0,8608,0,1,65704,0,0,6614,0,0,11552,0,0,896,0,0,16508,0
10,88817561,.,T,A,,,c.1403-22A>T,PASS,intron,,1,120342,0,0.00000831,0,10254,0,0,8534,0,1,66192,0,0,6566,0,0,11480,0,0,902,0,0,16414,0
10,88822473,.,A,C,p.Ala287Ala,p.Ala287Ala,c.861T>G,PASS,synonymous,,1,120350,0,0.000008309,1,10280,0,0,8628,0,0,66166,0,0,6596,0,0,11494,0,0,890,0,0,16296,0
10,88854195,.,G,A,p.Pro111Leu,p.Pro111Leu,c.332C>T,PASS,missense,,1,120348,0,0.000008309,0,10272,0,0,8614,0,1,65910,0,0,6606,0,0,11540,0,0,898,0,0,16508,0
10,88835786,.,A,T,c.527-6T>A,,c.527-6T>A,PASS,splice region,,1,120416,0,0.000008305,0,10202,0,0,8484,0,0,66230,0,0,6598,0,0,11510,0,0,904,0,1,16488,0
10,88822476,.,T,C,p.Glu286Glu,p.Glu286Glu,c.858A>G,PASS,synonymous,,1,120438,0,0.000008303,0,10294,0,0,8630,0,1,66218,0,0,6596,0,0,11502,0,0,890,0,0,16308,0
10,88835684,.,C,T,,,c.582+41G>A,PASS,intron,,1,120496,0,0.000008299,0,10308,0,0,8450,0,1,66238,0,0,6602,0,0,11516,0,0,906,0,0,16476,0
10,88822480,.,T,C,p.Asn285Ser,p.Asn285Ser,c.854A>G,PASS,missense,,1,120504,0,0.000008298,0,10308,0,0,8630,0,0,66250,0,0,6598,0,1,11506,0,0,892,0,0,16320,0
10,88835779,rs139842281,A,G,c.528T>C,p.Asp176Asp,c.528T>C,PASS,splice region,,1,120532,0,0.000008297,0,10226,0,0,8494,0,1,66304,0,0,6598,0,0,11516,0,0,904,0,0,16490,0
10,88835778,.,C,T,p.Val177Met,p.Val177Met,c.529G>A,PASS,missense,,1,120536,0,0.000008296,0,10230,0,0,8494,0,1,66302,0,0,6598,0,0,11518,0,0,904,0,0,16490,0
10,88854222,.,A,T,p.Val102Glu,p.Val102Glu,c.305T>A,PASS,missense,,1,120536,0,0.000008296,0,10310,0,0,8616,0,1,66028,0,0,6614,0,0,11556,0,0,902,0,0,16510,0
10,88854286,.,C,T,p.Val81Met,p.Val81Met,c.241G>A,PASS,missense,,1,120546,0,0.000008296,0,10322,0,0,8618,0,1,66022,0,0,6614,0,0,11558,0,0,904,0,0,16508,0
10,88822485,.,G,T,p.Phe283Leu,p.Phe283Leu,c.849C>A,PASS,missense,,1,120596,0,0.000008292,1,10324,0,0,8630,0,0,66302,0,0,6602,0,0,11514,0,0,896,0,0,16328,0
10,88854278,.,G,A,p.Asp83Asp,p.Asp83Asp,c.249C>T,PASS,synonymous,,1,120618,0,0.000008291,0,10332,0,0,8620,0,1,66084,0,0,6614,0,0,11558,0,0,902,0,0,16508,0
10,88854280,.,C,T,p.Asp83Asn,p.Asp83Asn,c.247G>A,PASS,missense,,1,120618,0,0.000008291,0,10330,0,0,8620,0,1,66084,0,0,6614,0,0,11558,0,0,904,0,0,16508,0
10,88854253,.,G,A,p.Arg92Trp,p.Arg92Trp,c.274C>T,PASS,missense,,1,120666,0,0.000008287,1,10334,0,0,8620,0,0,66124,0,0,6614,0,0,11562,0,0,902,0,0,16510,0
10,88854254,.,G,A,p.Thr91Thr,p.Thr91Thr,c.273C>T,PASS,synonymous,,1,120666,0,0.000008287,1,10334,0,0,8620,0,0,66126,0,0,6614,0,0,11562,0,0,902,0,0,16508,0
10,88854258,.,C,T,p.Arg90Lys,p.Arg90Lys,c.269G>A,PASS,missense,,1,120678,0,0.000008287,1,10334,0,0,8620,0,0,66140,0,0,6614,0,0,11562,0,0,902,0,0,16506,0
10,88854271,.,C,T,p.Val86Met,p.Val86Met,c.256G>A,PASS,missense,,1,120668,0,0.000008287,0,10338,0,0,8622,0,1,66124,0,0,6614,0,0,11560,0,0,902,0,0,16508,0
10,88854261,.,A,T,p.Leu89Gln,p.Leu89Gln,c.266T>A,PASS,missense,,1,120682,0,0.000008286,1,10332,0,0,8618,0,0,66148,0,0,6614,0,0,11560,0,0,902,0,0,16508,0
10,88827894,.,C,T,p.Ala223Thr,p.Ala223Thr,c.667G>A,PASS,missense,,1,120710,0,0.000008284,0,10324,0,0,8594,0,1,66432,0,0,6576,0,0,11496,0,0,902,0,0,16386,0
10,88835767,.,C,T,p.Gly180Gly,p.Gly180Gly,c.540G>A,PASS,synonymous,,1,120712,0,0.000008284,0,10254,0,0,8524,0,1,66404,0,0,6600,0,0,11534,0,0,904,0,0,16492,0
10,88836465,.,A,G,,,c.446-52T>C,PASS,intron,,1,120758,0,0.000008281,0,10326,0,0,8514,0,0,66370,0,0,6604,0,1,11544,0,0,906,0,0,16494,0
10,88827892,.,A,G,p.Ala223Ala,p.Ala223Ala,c.669T>C,PASS,synonymous,,1,120800,0,0.000008278,0,10334,0,0,8598,0,1,66466,0,0,6586,0,0,11504,0,0,906,0,0,16406,0
10,88817557,.,G,T,,,c.1403-18C>A,PASS,intron,,1,120822,0,0.000008277,0,10302,0,0,8598,0,1,66432,0,0,6604,0,0,11528,0,0,906,0,0,16452,0
10,88836462,.,G,A,,,c.446-49C>T,PASS,intron,,1,120834,0,0.000008276,0,10328,0,0,8536,0,0,66416,0,0,6604,0,1,11548,0,0,904,0,0,16498,0
10,88834360,.,C,T,p.Leu198Leu,p.Leu198Leu,c.594G>A,PASS,synonymous,,1,120890,0,0.000008272,0,10302,0,0,8650,0,1,66334,0,0,6614,0,0,11576,0,0,904,0,0,16510,0
10,88822508,.,C,T,p.Val276Ile,p.Val276Ile,c.826G>A,PASS,missense,,1,120918,0,0.00000827,0,10360,0,0,8642,0,1,66504,0,0,6606,0,0,11524,0,0,900,0,0,16382,0
10,88822511,.,C,T,p.Gly275Ser,p.Gly275Ser,c.823G>A,PASS,missense,,1,120924,0,0.00000827,0,10360,0,0,8640,0,0,66506,0,0,6606,0,0,11528,0,0,900,0,1,16384,0
10,88835705,.,A,T,,,c.582+20T>A,PASS,intron,,1,120918,0,0.00000827,0,10318,0,0,8572,0,1,66490,0,0,6608,0,0,11532,0,0,908,0,0,16490,0
10,88835745,.,T,C,p.Ile188Val,p.Ile188Val,c.562A>G,PASS,missense,,1,120940,0,0.000008269,0,10300,0,0,8572,0,0,66512,0,0,6604,0,0,11550,0,0,908,0,1,16494,0
10,88835746,.,C,T,p.Lys187Lys,p.Lys187Lys,c.561G>A,PASS,synonymous,,1,120934,0,0.000008269,0,10300,0,0,8570,0,1,66510,0,0,6604,0,0,11548,0,0,908,0,0,16494,0
10,88835710,.,C,A,,,c.582+15G>T,PASS,intron,,1,120942,0,0.000008268,0,10320,0,0,8578,0,1,66504,0,0,6608,0,0,11534,0,0,908,0,0,16490,0
10,88835712,.,C,G,,,c.582+13G>C,PASS,intron,,1,120948,0,0.000008268,0,10322,0,0,8578,0,0,66506,0,0,6608,0,0,11536,0,0,908,0,1,16490,0
10,88835741,.,T,C,p.Asn189Ser,p.Asn189Ser,c.566A>G,PASS,missense,,1,120956,0,0.000008267,0,10308,0,0,8576,0,1,66516,0,0,6604,0,0,11550,0,0,908,0,0,16494,0
10,88835735,.,T,G,p.Lys191Thr,p.Lys191Thr,c.572A>C,PASS,missense,,1,120982,0,0.000008266,0,10318,0,0,8580,0,0,66526,0,0,6606,0,0,11550,0,0,908,0,1,16494,0
10,88835737,.,G,A,p.Pro190Pro,p.Pro190Pro,c.570C>T,PASS,synonymous,,1,120976,0,0.000008266,1,10312,0,0,8580,0,0,66526,0,0,6606,0,0,11550,0,0,908,0,0,16494,0
10,88817550,.,ATAACAAGAGATCAAGATATTGCTAACAG,A,,,c.1403-39_1403-12delCTGTTAGCAATATCTTGATCTCTTGTTA,PASS,intron,,1,121004,0,0.000008264,1,10332,0,0,8620,0,0,66528,0,0,6606,0,0,11542,0,0,906,0,0,16470,0
10,88827870,.,G,A,p.Arg231Trp,p.Arg231Trp,c.691C>T,PASS,missense,,1,121008,0,0.000008264,0,10356,0,0,8610,0,1,66564,0,0,6594,0,0,11528,0,0,906,0,0,16450,0
10,88820857,.,G,A,,,c.922-48C>T,PASS,intron,,1,121038,0,0.000008262,0,10044,0,1,8652,0,0,66732,0,0,6614,0,0,11578,0,0,908,0,0,16510,0
10,88827864,.,T,A,p.Met233Leu,p.Met233Leu,c.697A>T,PASS,missense,,1,121044,0,0.000008261,1,10356,0,0,8608,0,0,66584,0,0,6594,0,0,11530,0,0,906,0,0,16466,0
10,88817547,.,A,T,c.1403-8T>A,,c.1403-8T>A,PASS,splice region,,1,121060,0,0.00000826,0,10342,0,1,8626,0,0,66552,0,0,6608,0,0,11546,0,0,906,0,0,16480,0
10,88820848,.,C,A,,,c.922-39G>T,PASS,intron,,1,121116,0,0.000008257,0,10116,0,0,8654,0,0,66736,0,0,6614,0,0,11578,0,0,908,0,1,16510,0
10,88820843,.,A,G,,,c.922-34T>C,PASS,intron,,1,121156,0,0.000008254,0,10158,0,0,8652,0,1,66736,0,0,6614,0,0,11578,0,0,908,0,0,16510,0
10,88834339,.,G,A,p.Phe205Phe,p.Phe205Phe,c.615C>T,PASS,synonymous,,1,121156,0,0.000008254,0,10366,0,0,8654,0,1,66526,0,0,6614,0,0,11578,0,0,908,0,0,16510,0
10,88819869,.,T,C,,,c.1278+49A>G,PASS,intron,,1,121180,0,0.000008252,0,10316,0,0,8608,0,1,66670,0,0,6608,0,0,11566,0,0,908,0,0,16504,0
10,88820831,.,A,G,,,c.922-22T>C,PASS,intron,,1,121210,0,0.00000825,0,10208,0,0,8654,0,1,66738,0,0,6614,0,0,11578,0,0,908,0,0,16510,0
10,88819886,.,C,T,,,c.1278+32G>A,PASS,intron,,1,121234,0,0.000008249,0,10324,0,0,8632,0,0,66688,0,0,6608,0,1,11568,0,0,908,0,0,16506,0
10,88820623,.,G,A,,,c.1060-41C>T,PASS,intron,,1,121252,0,0.000008247,0,10260,0,0,8654,0,0,66728,0,0,6614,0,0,11576,0,0,908,0,1,16512,0
10,88834273,.,C,T,,,c.646+35G>A,PASS,intron,,1,121260,0,0.000008247,1,10360,0,0,8626,0,0,66666,0,0,6614,0,0,11578,0,0,906,0,0,16510,0
10,88836443,.,G,A,,,c.446-30C>T,PASS,intron,,1,121250,0,0.000008247,0,10374,0,0,8630,0,0,66654,0,0,6610,0,1,11568,0,0,906,0,0,16508,0
10,88817507,.,C,T,p.Gly479Arg,p.Gly479Arg,c.1435G>A,PASS,missense,,1,121264,0,0.000008246,0,10378,0,0,8652,0,0,66656,0,0,6612,0,0,11562,0,0,906,0,1,16498,0
10,88820653,.,T,C,,,c.1059+19A>G,PASS,intron,,1,121268,0,0.000008246,1,10274,0,0,8654,0,0,66728,0,0,6614,0,0,11578,0,0,908,0,0,16512,0
10,88820819,.,A,G,,,c.922-10T>C,PASS,intron,,1,121276,0,0.000008246,0,10272,0,0,8654,0,1,66738,0,0,6614,0,0,11578,0,0,908,0,0,16512,0
10,88817501,.,G,T,p.His481Asn,p.His481Asn,c.1441C>A,PASS,missense,,1,121290,0,0.000008245,0,10386,0,0,8652,0,0,66668,0,0,6612,0,0,11566,0,0,908,0,1,16498,0
10,88817502,.,C,T,p.Lys480Lys,p.Lys480Lys,c.1440G>A,PASS,synonymous,,1,121286,0,0.000008245,0,10388,0,0,8652,0,1,66666,0,0,6612,0,0,11562,0,0,908,0,0,16498,0
10,88819902,.,A,G,,,c.1278+16T>C,PASS,intron,,1,121302,0,0.000008244,0,10344,0,0,8650,0,1,66704,0,0,6612,0,0,11574,0,0,908,0,0,16510,0
10,88834282,.,A,C,,,c.646+26T>G,PASS,intron,,1,121320,0,0.000008243,0,10374,0,0,8644,0,1,66692,0,0,6614,0,0,11578,0,0,908,0,0,16510,0
10,88834323,.,T,C,p.Lys211Glu,p.Lys211Glu,c.631A>G,PASS,missense,,1,121330,0,0.000008242,0,10394,0,1,8654,0,0,66672,0,0,6614,0,0,11578,0,0,908,0,0,16510,0
10,88836431,.,A,T,,,c.446-18T>A,PASS,intron,,1,121330,0,0.000008242,0,10388,0,0,8646,0,1,66694,0,0,6612,0,0,11572,0,0,908,0,0,16510,0
10,88820608,.,A,G,,,c.1060-26T>C,PASS,intron,,1,121338,0,0.000008241,0,10342,0,0,8654,0,1,66730,0,0,6614,0,0,11578,0,0,908,0,0,16512,0
10,88820811,.,T,C,c.922-2A>G,,c.922-2A>G,PASS,splice acceptor,,1,121350,0,0.000008241,0,10346,0,0,8654,0,1,66738,0,0,6614,0,0,11578,0,0,908,0,0,16512,0
10,88834317,.,C,T,p.Gly213Ser,p.Gly213Ser,c.637G>A,PASS,missense,,1,121346,0,0.000008241,0,10394,0,0,8654,0,1,66688,0,0,6614,0,0,11578,0,0,908,0,0,16510,0
10,88836283,.,A,T,,,c.526+50T>A,PASS,intron,,1,121342,0,0.000008241,0,10396,0,0,8650,0,1,66694,0,0,6614,0,0,11574,0,0,908,0,0,16506,0
10,88817481,.,A,G,p.Ile487Ile,p.Ile487Ile,c.1461T>C,PASS,synonymous,,1,121358,0,0.00000824,1,10398,0,0,8654,0,0,66706,0,0,6614,0,0,11574,0,0,908,0,0,16504,0
10,88817483,.,T,C,p.Ile487Val,p.Ile487Val,c.1459A>G,PASS,missense,,1,121354,0,0.00000824,0,10398,0,0,8654,0,0,66704,0,0,6614,0,0,11572,0,0,908,0,1,16504,0
10,88820728,.,C,T,p.Gly335Arg,p.Gly335Arg,c.1003G>A,PASS,missense,,1,121362,0,0.00000824,0,10358,0,0,8654,0,1,66738,0,0,6614,0,0,11578,0,0,908,0,0,16512,0
10,88834301,.,C,T,c.646+7G>A,,c.646+7G>A,PASS,splice region,,1,121362,0,0.00000824,0,10392,0,0,8654,0,1,66706,0,0,6614,0,0,11578,0,0,908,0,0,16510,0
10,88836285,.,A,AT,,,c.526+47dupA,PASS,intron,,1,121358,0,0.00000824,0,10396,0,0,8652,0,1,66706,0,0,6614,0,0,11574,0,0,908,0,0,16508,0
10,88836299,.,T,C,,,c.526+34A>G,PASS,intron,,1,121376,0,0.000008239,0,10398,0,0,8652,0,1,66722,0,0,6614,0,0,11574,0,0,908,0,0,16508,0
10,88836301,.,C,A,,,c.526+32G>T,PASS,intron,,1,121380,0,0.000008239,0,10398,0,0,8652,0,1,66724,0,0,6614,0,0,11576,0,0,908,0,0,16508,0
10,88836303,.,C,T,,,c.526+30G>A,PASS,intron,,1,121376,0,0.000008239,0,10398,0,0,8652,0,1,66722,0,0,6614,0,0,11574,0,0,908,0,0,16508,0
10,88817448,.,C,T,c.1494G>A,p.Ser498Ser,c.1494G>A,PASS,splice region,,1,121396,0,0.000008238,0,10404,0,0,8654,0,1,66732,0,0,6614,0,0,11576,0,0,908,0,0,16508,0
10,88817449,.,G,C,p.Ser498Trp,p.Ser498Trp,c.1493C>G,PASS,missense,,1,121394,0,0.000008238,0,10404,0,0,8654,0,1,66730,0,0,6614,0,0,11576,0,0,908,0,0,16508,0
10,88819918,.,T,C,c.1278A>G,p.Pro426Pro,c.1278A>G,PASS,splice region,,1,121382,0,0.000008238,0,10388,0,0,8650,0,1,66734,0,0,6612,0,0,11578,0,0,908,0,0,16512,0
10,88819923,.,T,C,p.Ile425Val,p.Ile425Val,c.1273A>G,PASS,missense,,1,121394,0,0.000008238,0,10390,0,1,8654,0,0,66740,0,0,6612,0,0,11578,0,0,908,0,0,16512,0
10,88820033,.,C,T,,,n.105G>A,PASS,non coding transcript exon,,1,121396,0,0.000008238,0,10398,0,1,8654,0,0,66734,0,0,6614,0,0,11578,0,0,908,0,0,16510,0
10,88820039,.,C,T,,,n.99G>A,PASS,non coding transcript exon,,1,121390,0,0.000008238,1,10396,0,0,8654,0,0,66730,0,0,6614,0,0,11578,0,0,908,0,0,16510,0
10,88820586,.,C,G,c.1060-4G>C,,c.1060-4G>C,PASS,splice region,,1,121390,0,0.000008238,0,10384,0,0,8654,0,1,66740,0,0,6614,0,0,11578,0,0,908,0,0,16512,0
10,88820589,.,T,G,c.1060-7A>C,,c.1060-7A>C,PASS,splice region,,1,121384,0,0.000008238,0,10380,0,0,8654,0,1,66738,0,0,6614,0,0,11578,0,0,908,0,0,16512,0
10,88820769,.,T,C,p.His321Arg,p.His321Arg,c.962A>G,PASS,missense,,1,121386,0,0.000008238,0,10380,0,0,8654,0,1,66740,0,0,6614,0,0,11578,0,0,908,0,0,16512,0
10,88836397,rs187562223,A,G,p.Thr154Thr,p.Thr154Thr,c.462T>C,PASS,synonymous,,1,121396,0,0.000008238,0,10402,0,1,8654,0,0,66730,0,0,6614,0,0,11576,0,0,908,0,0,16512,0
10,88836407,.,C,G,p.Arg151Pro,p.Arg151Pro,c.452G>C,PASS,missense,,1,121392,0,0.000008238,0,10400,0,0,8654,0,1,66728,0,0,6614,0,0,11576,0,0,908,0,0,16512,0
10,88836416,.,G,T,c.446-3C>A,,c.446-3C>A,PASS,splice region,,1,121384,0,0.000008238,1,10396,0,0,8652,0,0,66726,0,0,6614,0,0,11576,0,0,908,0,0,16512,0
10,88811660,.,T,C,,,c.1558-33A>G,PASS,intron,,1,121410,0,0.000008237,0,10406,0,0,8654,0,1,66740,0,0,6614,0,0,11578,0,0,906,0,0,16512,0
10,88811666,.,C,T,,,c.1558-39G>A,PASS,intron,,1,121408,0,0.000008237,0,10404,0,0,8654,0,1,66740,0,0,6614,0,0,11578,0,0,906,0,0,16512,0
10,88811668,.,C,T,,,c.1558-41G>A,PASS,intron,,1,121406,0,0.000008237,0,10406,0,1,8654,0,0,66736,0,0,6614,0,0,11578,0,0,906,0,0,16512,0
10,88817402,.,A,G,,,c.1494+46T>C,PASS,intron,,1,121404,0,0.000008237,0,10404,0,0,8654,0,1,66736,0,0,6614,0,0,11576,0,0,908,0,0,16512,0
10,88817408,.,G,GAGCA,,,c.1494+36_1494+39dupTGCT,PASS,intron,,1,121402,0,0.000008237,0,10404,0,0,8654,0,0,66736,0,0,6614,0,1,11576,0,0,908,0,0,16510,0
10,88817408,.,G,A,,,c.1494+40C>T,PASS,intron,,1,121402,0,0.000008237,0,10404,0,1,8654,0,0,66736,0,0,6614,0,0,11576,0,0,908,0,0,16510,0
10,88817413,.,T,C,,,c.1494+35A>G,PASS,intron,,1,121404,0,0.000008237,0,10404,0,0,8654,0,0,66736,0,0,6614,0,0,11576,0,0,908,0,1,16512,0
10,88817417,.,T,C,,,c.1494+31A>G,PASS,intron,,1,121402,0,0.000008237,1,10404,0,0,8654,0,0,66734,0,0,6614,0,0,11576,0,0,908,0,0,16512,0
10,88817421,.,G,A,,,c.1494+27C>T,PASS,intron,,1,121402,0,0.000008237,0,10404,0,1,8654,0,0,66734,0,0,6614,0,0,11576,0,0,908,0,0,16512,0
10,88817423,.,A,T,,,c.1494+25T>A,PASS,intron,,1,121402,0,0.000008237,0,10404,0,0,8654,0,0,66734,0,0,6614,0,0,11576,0,0,908,0,1,16512,0
10,88817430,.,T,G,,,c.1494+18A>C,PASS,intron,,1,121400,0,0.000008237,0,10404,0,0,8654,0,1,66734,0,0,6614,0,0,11576,0,0,908,0,0,16510,0
10,88817432,.,G,A,,,c.1494+16C>T,PASS,intron,,1,121400,0,0.000008237,0,10404,0,0,8654,0,0,66734,0,0,6614,0,0,11576,0,0,908,0,1,16510,0
10,88817434,.,G,A,,,c.1494+14C>T,PASS,intron,,1,121398,0,0.000008237,0,10404,0,0,8654,0,0,66734,0,1,6614,0,0,11574,0,0,908,0,0,16510,0
10,88817437,.,A,G,,,c.1494+11T>C,PASS,intron,,1,121398,0,0.000008237,0,10404,0,0,8654,0,0,66732,0,1,6614,0,0,11576,0,0,908,0,0,16510,0
10,88818880,.,T,C,,,c.1402+27A>G,PASS,intron,,1,121410,0,0.000008237,1,10406,0,0,8654,0,0,66740,0,0,6614,0,0,11578,0,0,908,0,0,16510,0
10,88818905,.,A,C,c.1402+2T>G,,c.1402+2T>G,PASS,splice donor,,1,121410,0,0.000008237,0,10406,0,0,8654,0,1,66740,0,0,6614,0,0,11578,0,0,908,0,0,16510,0
10,88818935,.,A,G,p.Tyr458Tyr,p.Tyr458Tyr,c.1374T>C,PASS,synonymous,,1,121410,0,0.000008237,0,10406,0,0,8654,0,1,66740,0,0,6614,0,0,11578,0,0,908,0,0,16510,0
10,88818938,.,T,C,p.Lys457Lys,p.Lys457Lys,c.1371A>G,PASS,synonymous,,1,121410,0,0.000008237,0,10406,0,0,8654,0,1,66740,0,0,6614,0,0,11578,0,0,908,0,0,16510,0
10,88818939,.,T,A,p.Lys457Ile,p.Lys457Ile,c.1370A>T,PASS,missense,,1,121410,0,0.000008237,0,10406,0,0,8654,0,1,66740,0,0,6614,0,0,11578,0,0,908,0,0,16510,0
10,88819933,.,G,A,p.Asn421Asn,p.Asn421Asn,c.1263C>T,PASS,synonymous,,1,121400,0,0.000008237,0,10394,0,0,8654,0,1,66740,0,0,6614,0,0,11578,0,0,908,0,0,16512,0
10,88819945,.,G,A,p.Phe417Phe,p.Phe417Phe,c.1251C>T,PASS,synonymous,,1,121404,0,0.000008237,0,10398,0,0,8654,0,0,66740,0,0,6614,0,0,11578,0,0,908,0,1,16512,0
10,88819953,.,T,C,p.Lys415Glu,p.Lys415Glu,c.1243A>G,PASS,missense,,1,121406,0,0.000008237,0,10402,0,0,8654,0,1,66738,0,0,6614,0,0,11578,0,0,908,0,0,16512,0
10,88819954,rs138169430,G,C,p.Asp414Glu,p.Asp414Glu,c.1242C>G,PASS,missense,,1,121408,0,0.000008237,0,10404,0,0,8654,0,1,66738,0,0,6614,0,0,11578,0,0,908,0,0,16512,0
10,88820005,.,G,A,c.1198-7C>T,,c.1198-7C>T,PASS,splice region,,1,121406,0,0.000008237,0,10402,0,0,8654,0,0,66738,0,1,6614,0,0,11578,0,0,908,0,0,16512,0
10,88820021,.,G,C,,,n.117C>G,PASS,non coding transcript exon,,1,121404,0,0.000008237,0,10400,0,0,8654,0,0,66738,0,0,6614,0,0,11578,0,0,908,0,1,16512,0
10,88820397,.,C,G,,,n.324G>C,PASS,non coding transcript exon,,1,121408,0,0.000008237,1,10406,0,0,8654,0,0,66738,0,0,6614,0,0,11576,0,0,908,0,0,16512,0
10,88820578,.,T,C,p.His355Arg,p.His355Arg,c.1064A>G,PASS,missense,,1,121404,0,0.000008237,0,10398,0,0,8654,0,1,66740,0,0,6614,0,0,11578,0,0,908,0,0,16512,0
10,88836371,.,G,A,p.Ala163Val,p.Ala163Val,c.488C>T,PASS,missense,,1,121402,0,0.000008237,0,10402,0,0,8654,0,1,66734,0,0,6614,0,0,11578,0,0,908,0,0,16512,0
10,88836378,.,C,T,p.Val161Ile,p.Val161Ile,c.481G>A,PASS,missense,,1,121402,0,0.000008237,0,10402,0,0,8654,0,0,66734,0,0,6614,0,0,11578,0,0,908,0,1,16512,0
10,88836388,.,A,T,p.Ser157Arg,p.Ser157Arg,c.471T>A,PASS,missense,,1,121402,0,0.000008237,0,10402,0,0,8654,0,1,66734,0,0,6614,0,0,11578,0,0,908,0,0,16512,0
10,88836393,.,C,T,p.Val156Met,p.Val156Met,c.466G>A,PASS,missense,,1,121400,0,0.000008237,1,10402,0,0,8654,0,0,66732,0,0,6614,0,0,11578,0,0,908,0,0,16512,0
10,88811463,.,A,G,,,c.*45T>C,PASS,3' UTR,,1,121412,0,0.000008236,0,10406,0,0,8654,0,1,66740,0,0,6614,0,0,11578,0,0,908,0,0,16512,0
10,88811476,.,A,G,,,c.*32T>C,PASS,3' UTR,,1,121412,0,0.000008236,0,10406,0,0,8654,0,1,66740,0,0,6614,0,0,11578,0,0,908,0,0,16512,0
10,88811497,.,C,T,,,c.*11G>A,PASS,3' UTR,,1,121412,0,0.000008236,0,10406,0,0,8654,0,1,66740,0,0,6614,0,0,11578,0,0,908,0,0,16512,0
10,88811511,.,T,A,p.Thr558Thr,p.Thr558Thr,c.1674A>T,PASS,synonymous,,1,121412,0,0.000008236,0,10406,0,1,8654,0,0,66740,0,0,6614,0,0,11578,0,0,908,0,0,16512,0
10,88811586,.,G,A,p.Asp533Asp,p.Asp533Asp,c.1599C>T,PASS,synonymous,,1,121412,0,0.000008236,0,10406,0,0,8654,0,1,66740,0,0,6614,0,0,11578,0,0,908,0,0,16512,0
10,88819972,.,T,C,p.Pro408Pro,p.Pro408Pro,c.1224A>G,PASS,synonymous,,1,121412,0,0.000008236,0,10406,0,0,8654,0,0,66740,0,0,6614,0,0,11578,0,0,908,0,1,16512,0
10,88820405,.,A,C,,,n.316T>G,PASS,non coding transcript exon,,1,121412,0,0.000008236,0,10406,0,0,8654,0,1,66740,0,0,6614,0,0,11578,0,0,908,0,0,16512,0
10,88820412,.,T,A,,,n.309A>T,PASS,non coding transcript exon,,1,121412,0,0.000008236,1,10406,0,0,8654,0,0,66740,0,0,6614,0,0,11578,0,0,908,0,0,16512,0
10,88820414,.,A,G,,,n.307T>C,PASS,non coding transcript exon,,1,121412,0,0.000008236,0,10406,0,0,8654,0,0,66740,0,0,6614,0,1,11578,0,0,908,0,0,16512,0
10,88820415,.,T,C,,,n.306A>G,PASS,non coding transcript exon,,1,121412,0,0.000008236,0,10406,0,0,8654,0,1,66740,0,0,6614,0,0,11578,0,0,908,0,0,16512,0
10,88820436,.,T,C,,,n.285A>G,PASS,non coding transcript exon,,1,121412,0,0.000008236,0,10406,0,0,8654,0,1,66740,0,0,6614,0,0,11578,0,0,908,0,0,16512,0
10,88820441,.,T,C,c.1197+4A>G,,c.1197+4A>G,PASS,splice region,,1,121412,0,0.000008236,1,10406,0,0,8654,0,0,66740,0,0,6614,0,0,11578,0,0,908,0,0,16512,0
10,88820446,.,T,C,p.Lys399Arg,p.Lys399Arg,c.1196A>G,PASS,missense,,1,121412,0,0.000008236,0,10406,0,0,8654,0,0,66740,0,0,6614,0,0,11578,0,0,908,0,1,16512,0
10,88820465,.,C,A,p.Ala393Ser,p.Ala393Ser,c.1177G>T,PASS,missense,,1,121412,0,0.000008236,0,10406,0,0,8654,0,0,66740,0,0,6614,0,1,11578,0,0,908,0,0,16512,0
10,88820466,.,G,A,p.Asn392Asn,p.Asn392Asn,c.1176C>T,PASS,synonymous,,1,121412,0,0.000008236,1,10406,0,0,8654,0,0,66740,0,0,6614,0,0,11578,0,0,908,0,0,16512,0
10,88820506,.,A,G,p.Leu379Pro,p.Leu379Pro,c.1136T>C,PASS,missense,,1,121412,0,0.000008236,0,10406,0,0,8654,0,1,66740,0,0,6614,0,0,11578,0,0,908,0,0,16512,0
10,88820508,.,T,A,p.Ile378Ile,p.Ile378Ile,c.1134A>T,PASS,synonymous,,1,121412,0,0.000008236,0,10406,0,1,8654,0,0,66740,0,0,6614,0,0,11578,0,0,908,0,0,16512,0
10,88820533,.,C,T,p.Ser370Asn,p.Ser370Asn,c.1109G>A,PASS,missense,,1,121412,0,0.000008236,1,10406,0,0,8654,0,0,66740,0,0,6614,0,0,11578,0,0,908,0,0,16512,0
10,88820537,.,C,T,p.Gly369Arg,p.Gly369Arg,c.1105G>A,PASS,missense,,1,121412,0,0.000008236,0,10406,0,0,8654,0,0,66740,0,1,6614,0,0,11578,0,0,908,0,0,16512,0
10,88820541,.,A,G,p.Tyr367Tyr,p.Tyr367Tyr,c.1101T>C,PASS,synonymous,,1,121412,0,0.000008236,0,10406,0,0,8654,0,1,66740,0,0,6614,0,0,11578,0,0,908,0,0,16512,0
10,88820542,.,T,G,p.Tyr367Ser,p.Tyr367Ser,c.1100A>C,PASS,missense,,1,121412,0,0.000008236,0,10406,0,0,8654,0,0,66740,0,0,6614,0,0,11578,0,0,908,0,1,16512,0
10,88820542,.,T,C,p.Tyr367Cys,p.Tyr367Cys,c.1100A>G,PASS,missense,,1,121412,0,0.000008236,0,10406,0,0,8654,0,0,66740,0,0,6614,0,0,11578,0,0,908,0,1,16512,0
10,88820550,.,T,C,p.Ala364Ala,p.Ala364Ala,c.1092A>G,PASS,synonymous,,1,121412,0,0.000008236,0,10406,0,0,8654,0,1,66740,0,0,6614,0,0,11578,0,0,908,0,0,16512,0
